[
  {
    "id": "22",
    "nom": "Bornes - Aravis",
    "groupe": "Haute Savoie"
  },
  {
    "id": "23",
    "nom": "Chablais - Faucigny",
    "groupe": "Haute Savoie"
  },
  {
    "id": "24",
    "nom": "Haut Giffre - Aiguilles Rouges",
    "groupe": "Haute Savoie"
  },
  {
    "id": "25",
    "nom": "Mont Blanc",
    "groupe": "Haute Savoie"
  },
  {
    "id": "17",
    "nom": "Alpes Grées N",
    "groupe": "Savoie"
  },
  {
    "id": "15",
    "nom": "Alpes Grées S",
    "groupe": "Savoie"
  },
  {
    "id": "20",
    "nom": "Bauges",
    "groupe": "Savoie"
  },
  {
    "id": "21",
    "nom": "Beaufortain",
    "groupe": "Savoie"
  },
  {
    "id": "19",
    "nom": "Lauzière - Cheval Noir",
    "groupe": "Savoie"
  },
  {
    "id": "18",
    "nom": "Vanoise",
    "groupe": "Savoie"
  },
  {
    "id": "12",
    "nom": "Belledonne",
    "groupe": "Isère"
  },
  {
    "id": "11",
    "nom": "Chartreuse",
    "groupe": "Isère"
  },
  {
    "id": "13",
    "nom": "Grandes Rousses - Arves",
    "groupe": "Isère"
  },
  {
    "id": "9",
    "nom": "Taillefer - Matheysine",
    "groupe": "Isère"
  },
  {
    "id": "10",
    "nom": "Vercors",
    "groupe": "Isère"
  },
  {
    "id": "14",
    "nom": "Cerces - Thabor - Mont Cenis",
    "groupe": "Hautes Alpes"
  },
  {
    "id": "8",
    "nom": "Devoluy",
    "groupe": "Hautes Alpes"
  },
  {
    "id": "7",
    "nom": "Ecrins",
    "groupe": "Hautes Alpes"
  },
  {
    "id": "6",
    "nom": "Queyras - Alpes Cozie N",
    "groupe": "Hautes Alpes"
  },
  {
    "id": "33",
    "nom": "Corse",
    "groupe": "Alpes du Sud - Corse"
  },
  {
    "id": "4",
    "nom": "Mercantour - Alpes Maritimes Italiennes",
    "groupe": "Alpes du Sud - Corse"
  },
  {
    "id": "2",
    "nom": "Préalpes de Digne",
    "groupe": "Alpes du Sud - Corse"
  },
  {
    "id": "3",
    "nom": "Préalpes de Grasse",
    "groupe": "Alpes du Sud - Corse"
  },
  {
    "id": "1",
    "nom": "Préalpes de provence",
    "groupe": "Alpes du Sud - Corse"
  },
  {
    "id": "5",
    "nom": "Ubaye - Parpaillon - Alpes Cozie S",
    "groupe": "Alpes du Sud - Corse"
  },
  {
    "id": "36",
    "nom": "Andorre - Ariège",
    "groupe": "Pyrénées"
  },
  {
    "id": "94",
    "nom": "Canigó - Catalogne Est",
    "groupe": "Pyrénées"
  },
  {
    "id": "63",
    "nom": "Cerdagne - Capcir - Conflent",
    "groupe": "Pyrénées"
  },
  {
    "id": "95",
    "nom": "Couserans - Catalogne Ouest",
    "groupe": "Pyrénées"
  },
  {
    "id": "97",
    "nom": "Luchon - Posets - Maladeta",
    "groupe": "Pyrénées"
  },
  {
    "id": "34",
    "nom": "Mont-Perdu - Gavarnie - Bigorre",
    "groupe": "Pyrénées"
  },
  {
    "id": "35",
    "nom": "Navarre - Béarn",
    "groupe": "Pyrénées"
  },
  {
    "id": "133",
    "nom": "Collines*",
    "groupe": "Autres massifs"
  },
  {
    "id": "37",
    "nom": "Jura",
    "groupe": "Autres massifs"
  },
  {
    "id": "38",
    "nom": "Massif Central",
    "groupe": "Autres massifs"
  },
  {
    "id": "218",
    "nom": "Montagne Ardéchoise",
    "groupe": "Autres massifs"
  },
  {
    "id": "39",
    "nom": "Vosges",
    "groupe": "Autres massifs"
  },
  {
    "id": "157",
    "nom": "Abruzzes",
    "groupe": "Italie"
  },
  {
    "id": "253",
    "nom": "Adamello (Italie)",
    "groupe": "Italie"
  },
  {
    "id": "235",
    "nom": "Alpes Apuanes",
    "groupe": "Italie"
  },
  {
    "id": "346",
    "nom": "Alpes Juliennes ",
    "groupe": "Italie"
  },
  {
    "id": "109",
    "nom": "Alpes Orobie",
    "groupe": "Italie"
  },
  {
    "id": "173",
    "nom": "Dolomites",
    "groupe": "Italie"
  },
  {
    "id": "347",
    "nom": "Dolomites Brenta",
    "groupe": "Italie"
  },
  {
    "id": "205",
    "nom": "Dolomites de Fanes-Senes-Braes",
    "groupe": "Italie"
  },
  {
    "id": "108",
    "nom": "Etna",
    "groupe": "Italie"
  },
  {
    "id": "16",
    "nom": "Grand Paradis",
    "groupe": "Italie"
  },
  {
    "id": "274",
    "nom": "Monti Lariani (Italie)",
    "groupe": "Italie"
  },
  {
    "id": "43",
    "nom": "Ortles",
    "groupe": "Italie"
  },
  {
    "id": "181",
    "nom": "Sud Tyrol",
    "groupe": "Italie"
  },
  {
    "id": "329",
    "nom": "Texel",
    "groupe": "Italie"
  },
  {
    "id": "293",
    "nom": "Val Chiavenna (Italie)",
    "groupe": "Italie"
  },
  {
    "id": "67",
    "nom": "Albula Alpen",
    "groupe": "Suisse"
  },
  {
    "id": "31",
    "nom": "Alpes Bernoises E",
    "groupe": "Suisse"
  },
  {
    "id": "30",
    "nom": "Alpes Bernoises W",
    "groupe": "Suisse"
  },
  {
    "id": "40",
    "nom": "Alpes de Suisse Centrale",
    "groupe": "Suisse"
  },
  {
    "id": "60",
    "nom": "Alpes Glaronaises",
    "groupe": "Suisse"
  },
  {
    "id": "28",
    "nom": "Alpes Vaudoises",
    "groupe": "Suisse"
  },
  {
    "id": "147",
    "nom": "Churfirsten",
    "groupe": "Suisse"
  },
  {
    "id": "341",
    "nom": "Engadine",
    "groupe": "Suisse"
  },
  {
    "id": "257",
    "nom": "Jura Vaudois (Suisse)",
    "groupe": "Suisse"
  },
  {
    "id": "279",
    "nom": "Massif de Samnaun (Suisse)",
    "groupe": "Suisse"
  },
  {
    "id": "281",
    "nom": "Massif de Sesvenna (Suisse)",
    "groupe": "Suisse"
  },
  {
    "id": "103",
    "nom": "Oberhalbsteiner Alpen",
    "groupe": "Suisse"
  },
  {
    "id": "174",
    "nom": "Plessur-Alpen",
    "groupe": "Suisse"
  },
  {
    "id": "221",
    "nom": "Préalpes apenzelloises",
    "groupe": "Suisse"
  },
  {
    "id": "29",
    "nom": "Préalpes Fribourgeoises / Bernoises",
    "groupe": "Suisse"
  },
  {
    "id": "112",
    "nom": "Tessin E - Adula - Grisons",
    "groupe": "Suisse"
  },
  {
    "id": "32",
    "nom": "Tessin W - Conches",
    "groupe": "Suisse"
  },
  {
    "id": "27",
    "nom": "Valais E - Alpes Pennines E",
    "groupe": "Suisse"
  },
  {
    "id": "26",
    "nom": "Valais W - Alpes Pennines W",
    "groupe": "Suisse"
  },
  {
    "id": "185",
    "nom": "Alpes Carniques",
    "groupe": "Autriche"
  },
  {
    "id": "183",
    "nom": "Est Tyrol",
    "groupe": "Autriche"
  },
  {
    "id": "68",
    "nom": "Hoellengebirge",
    "groupe": "Autriche"
  },
  {
    "id": "42",
    "nom": "Hohe Tauern",
    "groupe": "Autriche"
  },
  {
    "id": "312",
    "nom": "Mieminger Kette (Autriche)",
    "groupe": "Autriche"
  },
  {
    "id": "44",
    "nom": "Ötztal",
    "groupe": "Autriche"
  },
  {
    "id": "182",
    "nom": "Ouest Tyrol",
    "groupe": "Autriche"
  },
  {
    "id": "220",
    "nom": "Rätikon",
    "groupe": "Autriche"
  },
  {
    "id": "87",
    "nom": "Schneeberg",
    "groupe": "Autriche"
  },
  {
    "id": "84",
    "nom": "Silvretta",
    "groupe": "Autriche"
  },
  {
    "id": "45",
    "nom": "Stubai",
    "groupe": "Autriche"
  },
  {
    "id": "191",
    "nom": "Tuxer Alpen",
    "groupe": "Autriche"
  },
  {
    "id": "210",
    "nom": "Vorarlberg Allgau",
    "groupe": "Autriche"
  },
  {
    "id": "334",
    "nom": "Zillertaler Alpen ",
    "groupe": "Autriche"
  },
  {
    "id": "275",
    "nom": "Alpes bavaroises (Allemagne)",
    "groupe": "Europe"
  },
  {
    "id": "83",
    "nom": "Anatolie (Turquie / Géorgie)",
    "groupe": "Europe"
  },
  {
    "id": "301",
    "nom": "Brezovicë - Brezovica (Kosovo)",
    "groupe": "Europe"
  },
  {
    "id": "158",
    "nom": "Bulgarie",
    "groupe": "Europe"
  },
  {
    "id": "222",
    "nom": "Caucase",
    "groupe": "Europe"
  },
  {
    "id": "124",
    "nom": "Chiemgauer Alpen",
    "groupe": "Europe"
  },
  {
    "id": "311",
    "nom": "Deferegger Alpen (Autriche)",
    "groupe": "Europe"
  },
  {
    "id": "125",
    "nom": "Espagne (hors Pyrénées)",
    "groupe": "Europe"
  },
  {
    "id": "319",
    "nom": "Galitchitsa (Macedoine du nord)",
    "groupe": "Europe"
  },
  {
    "id": "184",
    "nom": "Grèce centrale et Péloponèse",
    "groupe": "Europe"
  },
  {
    "id": "134",
    "nom": "Gredos (Espagne)",
    "groupe": "Europe"
  },
  {
    "id": "140",
    "nom": "Guadarrama (Espagne)",
    "groupe": "Europe"
  },
  {
    "id": "145",
    "nom": "Highlands (Royaume Uni, Irlande)",
    "groupe": "Europe"
  },
  {
    "id": "252",
    "nom": "Kodar (Russie)",
    "groupe": "Europe"
  },
  {
    "id": "258",
    "nom": "Korab (Albanie)",
    "groupe": "Europe"
  },
  {
    "id": "313",
    "nom": "Korab (Kosovo)",
    "groupe": "Europe"
  },
  {
    "id": "242",
    "nom": "Lefka Ori (Crête)",
    "groupe": "Europe"
  },
  {
    "id": "320",
    "nom": "Prokletije - Kosovo",
    "groupe": "Europe"
  },
  {
    "id": "277",
    "nom": "Prokletije (Albanie)",
    "groupe": "Europe"
  },
  {
    "id": "316",
    "nom": "Šar (Macédoine du Nord)",
    "groupe": "Europe"
  },
  {
    "id": "323",
    "nom": "Sharr",
    "groupe": "Europe"
  },
  {
    "id": "291",
    "nom": "Siberie (Russie)",
    "groupe": "Europe"
  },
  {
    "id": "76",
    "nom": "Tatras (Pologne / Slovaquie)",
    "groupe": "Europe"
  },
  {
    "id": "328",
    "nom": "Triglav",
    "groupe": "Europe"
  },
  {
    "id": "259",
    "nom": "Valbonë (Albanie)",
    "groupe": "Europe"
  },
  {
    "id": "204",
    "nom": "Alpes de Bodoe (Norvège)",
    "groupe": "Scandinavie - Islande"
  },
  {
    "id": "265",
    "nom": "Alpes de Kafjord (Norvège)",
    "groupe": "Scandinavie - Islande"
  },
  {
    "id": "142",
    "nom": "Alpes de Lyngen (Norvege)",
    "groupe": "Scandinavie - Islande"
  },
  {
    "id": "333",
    "nom": "Alpes de Rana",
    "groupe": "Scandinavie - Islande"
  },
  {
    "id": "306",
    "nom": "Alpes de Sunnmore (Norvège)",
    "groupe": "Scandinavie - Islande"
  },
  {
    "id": "261",
    "nom": "Beiarn (Norvège)",
    "groupe": "Scandinavie - Islande"
  },
  {
    "id": "93",
    "nom": "Dovrefjell (Norvège)",
    "groupe": "Scandinavie - Islande"
  },
  {
    "id": "292",
    "nom": "Finnmark (Norvège)",
    "groupe": "Scandinavie - Islande"
  },
  {
    "id": "284",
    "nom": "Gratangen (Norvège)",
    "groupe": "Scandinavie - Islande"
  },
  {
    "id": "300",
    "nom": "Hardangervidda (Norvège)",
    "groupe": "Scandinavie - Islande"
  },
  {
    "id": "228",
    "nom": "Ile de Senja (Norvège)",
    "groupe": "Scandinavie - Islande"
  },
  {
    "id": "118",
    "nom": "îles Lofoten / Vesterolen",
    "groupe": "Scandinavie - Islande"
  },
  {
    "id": "171",
    "nom": "Islande",
    "groupe": "Scandinavie - Islande"
  },
  {
    "id": "90",
    "nom": "Jotunheimen (Norvège)",
    "groupe": "Scandinavie - Islande"
  },
  {
    "id": "345",
    "nom": "Kebnekaise Massif",
    "groupe": "Scandinavie - Islande"
  },
  {
    "id": "227",
    "nom": "Kvaloya (Region de Tromso, Norvège)",
    "groupe": "Scandinavie - Islande"
  },
  {
    "id": "243",
    "nom": "Laponie Finlandaise",
    "groupe": "Scandinavie - Islande"
  },
  {
    "id": "331",
    "nom": "Mainland Tromso (Norvège)",
    "groupe": "Scandinavie - Islande"
  },
  {
    "id": "287",
    "nom": "Nordland (Norvège)",
    "groupe": "Scandinavie - Islande"
  },
  {
    "id": "230",
    "nom": "péninsule d'Hornstrandir",
    "groupe": "Scandinavie - Islande"
  },
  {
    "id": "264",
    "nom": "Pilan (Norvege / Lofoten)",
    "groupe": "Scandinavie - Islande"
  },
  {
    "id": "317",
    "nom": "Région d'Idre (Suède)",
    "groupe": "Scandinavie - Islande"
  },
  {
    "id": "91",
    "nom": "Région des Fjords (Norvège)",
    "groupe": "Scandinavie - Islande"
  },
  {
    "id": "260",
    "nom": "Romsdal (Norvège)",
    "groupe": "Scandinavie - Islande"
  },
  {
    "id": "215",
    "nom": "Rondane (Norvège)",
    "groupe": "Scandinavie - Islande"
  },
  {
    "id": "325",
    "nom": "Rosendalsalpene",
    "groupe": "Scandinavie - Islande"
  },
  {
    "id": "102",
    "nom": "Sånfjället (Suède)",
    "groupe": "Scandinavie - Islande"
  },
  {
    "id": "203",
    "nom": "Sarek (Suède)",
    "groupe": "Scandinavie - Islande"
  },
  {
    "id": "299",
    "nom": "Stovla (Norvège)",
    "groupe": "Scandinavie - Islande"
  },
  {
    "id": "322",
    "nom": "Sunndalsfjella",
    "groupe": "Scandinavie - Islande"
  },
  {
    "id": "339",
    "nom": "Sylan",
    "groupe": "Scandinavie - Islande"
  },
  {
    "id": "255",
    "nom": "Tamok Valley (Norvège)",
    "groupe": "Scandinavie - Islande"
  },
  {
    "id": "208",
    "nom": "Telemark",
    "groupe": "Scandinavie - Islande"
  },
  {
    "id": "178",
    "nom": "Trollheimen (Norvège)",
    "groupe": "Scandinavie - Islande"
  },
  {
    "id": "177",
    "nom": "Trondheimsmarka (Norvège)",
    "groupe": "Scandinavie - Islande"
  },
  {
    "id": "249",
    "nom": "Adirondack Mountains",
    "groupe": "Amérique du Nord"
  },
  {
    "id": "73",
    "nom": "Cascades (USA, Nord-Ouest)",
    "groupe": "Amérique du Nord"
  },
  {
    "id": "226",
    "nom": "Chaîne Côtière (BC)",
    "groupe": "Amérique du Nord"
  },
  {
    "id": "206",
    "nom": "Chugach Mountain",
    "groupe": "Amérique du Nord"
  },
  {
    "id": "152",
    "nom": "Coastal Range (Canada)",
    "groupe": "Amérique du Nord"
  },
  {
    "id": "163",
    "nom": "Coastal range Alaska",
    "groupe": "Amérique du Nord"
  },
  {
    "id": "116",
    "nom": "Colorado",
    "groupe": "Amérique du Nord"
  },
  {
    "id": "79",
    "nom": "Garibaldi Provincial Park (Canada)",
    "groupe": "Amérique du Nord"
  },
  {
    "id": "119",
    "nom": "Green Mountains (USA, Cote Est Vermont)",
    "groupe": "Amérique du Nord"
  },
  {
    "id": "344",
    "nom": "Groenland",
    "groupe": "Amérique du Nord"
  },
  {
    "id": "231",
    "nom": "Île de Baffin (Canada)",
    "groupe": "Amérique du Nord"
  },
  {
    "id": "241",
    "nom": "Montagnes Rocheuses (Canada)",
    "groupe": "Amérique du Nord"
  },
  {
    "id": "72",
    "nom": "Québec",
    "groupe": "Amérique du Nord"
  },
  {
    "id": "263",
    "nom": "Sierra Nevada (Etats-Unis)",
    "groupe": "Amérique du Nord"
  },
  {
    "id": "303",
    "nom": "Southern California (Etats-Unis)",
    "groupe": "Amérique du Nord"
  },
  {
    "id": "189",
    "nom": "Utah, USA",
    "groupe": "Amérique du Nord"
  },
  {
    "id": "327",
    "nom": "Wasatch",
    "groupe": "Amérique du Nord"
  },
  {
    "id": "314",
    "nom": "amérique centrale (mexique)",
    "groupe": "Amérique du Sud"
  },
  {
    "id": "46",
    "nom": "Andes centrales",
    "groupe": "Amérique du Sud"
  },
  {
    "id": "96",
    "nom": "Araucanie (Chili)",
    "groupe": "Amérique du Sud"
  },
  {
    "id": "115",
    "nom": "Cordilière Blanche (Pérou)",
    "groupe": "Amérique du Sud"
  },
  {
    "id": "294",
    "nom": "Cordillère des andes (Equateur)",
    "groupe": "Amérique du Sud"
  },
  {
    "id": "308",
    "nom": "Cordillère royale (Bolivie)",
    "groupe": "Amérique du Sud"
  },
  {
    "id": "310",
    "nom": "Cordillère Vilcanota (Pérou)",
    "groupe": "Amérique du Sud"
  },
  {
    "id": "99",
    "nom": "Patagonie (Argentine)",
    "groupe": "Amérique du Sud"
  },
  {
    "id": "268",
    "nom": "Region de Aysen (Chili)",
    "groupe": "Amérique du Sud"
  },
  {
    "id": "100",
    "nom": "Région de Bariloche (Argentine)",
    "groupe": "Amérique du Sud"
  },
  {
    "id": "98",
    "nom": "Region des lacs (Chili)",
    "groupe": "Amérique du Sud"
  },
  {
    "id": "269",
    "nom": "Volcan Copahue (Argentine)",
    "groupe": "Amérique du Sud"
  },
  {
    "id": "47",
    "nom": "Haut atlas Marocain",
    "groupe": "Afrique"
  },
  {
    "id": "256",
    "nom": "Ak-Shirak (Kirghizistan)",
    "groupe": "Asie"
  },
  {
    "id": "223",
    "nom": "Alborz (Iran)",
    "groupe": "Asie"
  },
  {
    "id": "121",
    "nom": "Alpes Japonaises",
    "groupe": "Asie"
  },
  {
    "id": "297",
    "nom": "Alpes néo-zélandaise (Nouvelle Zélande)",
    "groupe": "Asie"
  },
  {
    "id": "209",
    "nom": "Altaï (Mongolie)",
    "groupe": "Asie"
  },
  {
    "id": "151",
    "nom": "Babash Ata (Kyrgystan)",
    "groupe": "Asie"
  },
  {
    "id": "276",
    "nom": "Changbai (Chine / Corée du Nord)",
    "groupe": "Asie"
  },
  {
    "id": "342",
    "nom": "Chimgan (Ouzbékistan) ",
    "groupe": "Asie"
  },
  {
    "id": "217",
    "nom": "Coree",
    "groupe": "Asie"
  },
  {
    "id": "324",
    "nom": "Haut Plateau Arménien ( Anatolie - Turquie)",
    "groupe": "Asie"
  },
  {
    "id": "48",
    "nom": "Himalaya",
    "groupe": "Asie"
  },
  {
    "id": "244",
    "nom": "Irkil, Kirghizistan",
    "groupe": "Asie"
  },
  {
    "id": "246",
    "nom": "Kieltor, Kirghizistan",
    "groupe": "Asie"
  },
  {
    "id": "326",
    "nom": "Kuznetskiy Alatau",
    "groupe": "Asie"
  },
  {
    "id": "159",
    "nom": "Liban",
    "groupe": "Asie"
  },
  {
    "id": "251",
    "nom": "Munzur Daglari",
    "groupe": "Asie"
  },
  {
    "id": "240",
    "nom": "Parc national d'Akan - Hokkaido - Japon",
    "groupe": "Asie"
  },
  {
    "id": "239",
    "nom": "Parc national du Daisetsusan - Japon",
    "groupe": "Asie"
  },
  {
    "id": "200",
    "nom": "Parc national du Shikotsu-Toya. Hokkaido",
    "groupe": "Asie"
  },
  {
    "id": "214",
    "nom": "Petit Caucase",
    "groupe": "Asie"
  },
  {
    "id": "248",
    "nom": "Susamyr area (Kirghizstan)",
    "groupe": "Asie"
  },
  {
    "id": "245",
    "nom": "Tavlytor (Kirghizistan)",
    "groupe": "Asie"
  },
  {
    "id": "190",
    "nom": "Terskey Ala-Too (Kirghizistan)",
    "groupe": "Asie"
  },
  {
    "id": "216",
    "nom": "Zagros",
    "groupe": "Asie"
  },
  {
    "id": "283",
    "nom": "Zaiyliskiy Alatau (Kazakhstan)",
    "groupe": "Asie"
  },
  {
    "id": "237",
    "nom": "Zone volcanique de Nasu - Japon",
    "groupe": "Asie"
  },
  {
    "id": "49",
    "nom": "Nouvelle Zelande",
    "groupe": "Océanie"
  },
  {
    "id": "340",
    "nom": "Terres Australes",
    "groupe": "-"
  }
]